"Name","Title","Review","Stars","Date","Color","Verified Purchase","Sentiment Score"
"GAP3","Great Purchase!","I got this based on reviews plus my daughter wanted a solid battery charger for her iPhone 14 Pro Max because she doesn‚Äôt like the mag chargers. This came partially charged. Love the soft texture feel, not any heavier than a mag charger but larger. It was the exact size of my iPhone 13. The optional multi charge abilities was also a plus. We purchased another quality known brand mag first but couldn‚Äôt even get it to charge or turn on. It went back immediately and we got this. My daughter loves the paw battery indicator light. Hopefully it works long term. It had a link you could scan for video, instructions, and other products, and support in addition to the paperwork included. It also came with cable and soft mesh bag to carry it in. So far upon opening and first charge we are very happy with this purchase. Simple, lightweight, easy to use charger what‚Äôs not to love?","5.0","February 28, 2024","Black","Verified Purchase","10.817755102040817"
"BrokeBuck","Great and Sleek Charger!","I got this since my older battery chargers were on their way out. I saw this one and wanted to try it out, and needless to say after a while of using this battery, its wondeful! This battery has a lot of flexibility -- 3 overall ports that all allow charging. The USB C port that allows you to charge the battery also allows you to charge your devices which is a great advantage to other batteries. It does its job wondefully and charges my phone (Android in this case) in a reasonable time compared to my other charging ports. Its very easy to tell when your battery is low and comes with a cute pouch! It fits in your pockets seamlessly. It also has a little built in flashlight, which, I don't use often but definitely comes into clutch sometimes. I would recommend keeping the battery out of its mesh pocket when charging. It heats up a little when charging but only near the area of charging. As well, the charging cord for the battery is a bit on the shorter side but still can charge on any personal USB C cords. I would recommend this battery for anyone!","5.0","March 4, 2024","Black","Verified Purchase","11.026609195402298"
"Journeyman7x","Small, slim design. Works as advertised.","NIU Portable Charger, Slimmest 10000mAh 5V/3A Power Bank, USB C in&out High-Speed Charging Battery Pac Charges quite fast. Excellent review on Youtube ""Project Farm"" Small comfortable design that fits easily in my pocket. On thing I don't care for is the flashlight. Might help you find your keys IF they are with 2 feet of you on a bright night :)","5.0","February 28, 2024","Black","Verified Purchase","11.060438596491228"
"Angelsmom","Buying a new one","I bought this May 2021 and it's lasted this long. I love how compact it is. Never had a problem with charging it or charging anything with it. I have an Motorola edge and it has worked great with it. I was able to get several charges from it before it needed to be charged. I'm about to go on a cruise in a few weeks and I planned to take it with me but unfortunately it has stopped charging all the way. I've had it plugged in for hours and it's only gotten as far as the bottom pad on the paw print. No toes light up anymore. It will only charge my phone once now before it runs out. Still keeping it because it basically still works but I'm getting a new one. Hopefully the new one will work just as good.","4.0","March 5, 2024","Black","Verified Purchase","8.036201550387597"
"Mark Wojcik","Very Good Inexpensive Power Bank","I was pleased to see this included in an independent review of power banks just after I bought it, and it was the best among the inexpensive models. Its output is good, its actual capacity is good. It charges well, and the paw-print power indicator works properly. It's a good size for carrying in a pocket (if your clothes have real pockets) and comes with a protective mesh bag. It feels very solid, but it's not as heavy as a good higher-capacity unti (go figure), so it's not a pain to carry around.","5.0","February 14, 2024","Black","Verified Purchase","10.942172413793102"
"Amazon Customer","Solid Portable Charger","I bought this as a gift for someone needing a phone charger. The recipient is pleased with its features and performance. Though it takes some time to charge fully, it recharges a phone several times. They especially liked the paw print battery life meter. I would definitely consider purchasing INIU products in the future.","5.0","February 27, 2024","Black","Verified Purchase","11.00359649122807"
"Sharon B","Very convenient","I bought this for a week-long cruise and it was very useful and convenient. Super simple to use and kept my phone charged when I needed it. I took a lot of photos on my trip and this reliably kept my phone charged. It's so light and slim that I could connect it to my phone and then put both in my hoodie pocket or cross-body bag. I didn't use the little flashlight feature but it's a cute option, as is the paw print indicator of how much charge is left. I bought a short, high-speed charging cable and my phone charged quickly. This product seems sturdy and well-made so I expect it to last throughout future trips.","5.0","February 17, 2024","Black","Verified Purchase","11.01675"
"Yairah","So far, so good ....","It only just arrived! (Don't know why you're asking for a review when I've scarcely unpacked it!) First impressions? It arrived with an 80% charge, which topped off quickly. Love the hand-feel & the bright color & the fact that it has it's own cable; the Paw Power Indicator Light I'm sure will be critical once our vacation begins & the flashlight (!) will certainly be useful, as will its cushion-y net carry bag. There's a solid feeling of quality from the packaging, the Welcome Guide & enclosed ""business card"" listing email & web support addresses, all of which were actually clear & well written. I'm testing its performance for the next month BEFORE we leave on our trip - I'll try to report back once I have actual results in using it doing what I bought it to do! I'm feeling quite optimistic.","5.0","March 3, 2024","Orange","Verified Purchase","11.38695652173913"
"Allen D. Reinecke","Project Farm Tested!","I currently don‚Äôt own a portable charger and thought one might be useful if on a long hike, out and about, or on vacation. I did quite a bit of research and saw that Project Farm on YT has reviewed this INUI BI-B41, along with many others, and it was one of the top chargers, also with a good Amazon rating. The brother of this, the BI-B61 came out marginally better but it has above average Amazon returns and the form factor, small but thick, was not as pocketable for my needs. I also didn‚Äôt need a vulnerable, built-in phone stand, so, I bought this one. . It arrived with about 50-60% charge. I didn‚Äôt time how long it took to fast-charge it, but it was at least an hour. Project Farm has all the details for charging power and times. The supplied, short USB -A to USB-C is obviously not a fast-charging cable for my Pixel 6a. I used my own USB-C to USB-C fast-charge cable and the phone did charge at the anticipated fast-charge rate and was equivalent to my 20W charging brick. I usually only charge between 25% and 80% to prolong the battery life, and to get the quickest charge time (as you approach 100% the charge rate in a phone will automatically drop to a crawl as part of the battery management algorithm). I‚Äôve used the charger on my headphones, phone, and earbuds. I will also use it for my mirrorless camera batteries in the future. It does not get hot. So far, it is working as I expect. It is also similar, in terms of size, to a small phone, so it fits nicely in my pockets. . I‚Äôm not keen on the LED ‚Äúanimal paw‚Äù symbol. I‚Äôd much rather have a row of 4 or 5 LEDs, or a percentage readout. The paw looks childish. Each of the 4 pads indicates the level of charge in 25% increments, and the level of charge has a flashing pad when charging. The LED is very bright in a dark room but you can always turn it on its back. . At $20, this is a very good buy. Hopefully the 3-year warranty, if required, is honored. I will be back to update this review should I have any issues. . So far - Highly recommended for your consideration!","5.0","February 20, 2024","Black","Verified Purchase","10.124623655913979"
"Christine","It works well","I like the slim build. It‚Äôs almost the size of my phone. It will charge my phone or iPad up twice before it needs recharging itself. I was hoping I would get more charge out of it than that, but I only use it in case I forgot to charge one of my devices up and have no other means to charge it. It comes with a short cord that is used for recharging it and for charging my android phone, and maybe an android tablet, too, I don‚Äôt know as I don‚Äôt have one of those. I already had a short usb port iPhone/iPad cord that can be used to charge those devices, otherwise you have to buy one. I am able to charge two devices at the same time. The four stars instead of five is because it doesn‚Äôt come with an iPhone/iPad charge cord ( note: this cord has to have one end of it usb port and the other end iPhone/iPad compatible. I bought it on Amazon ) and it doesn‚Äôt hold as much charge as my old bulky portable charger that held enough charge to recharge a device 4 times instead of only 2 times. That being said, I didn‚Äôt find another device that could either, and I am still happy to have this charger.","4.0","March 4, 2024","Black","Verified Purchase","8.729505208333334"
"Isabella","Great portable battery","Surprisingly impressed. Great battery. It charges my phone pretty quickly, holds a very long charge, and the battery itself charges quickly. I originally bought one for my son but I took it for it work and just never gave it back lol. I bought this second one to give to him so now we both have one. Have yet to use it, but love that there's more than one port if I need to charge something along with my phone.","5.0","March 4, 2024","Black","Verified Purchase","10.713518518518518"
"Giselle Millington","Does a very good job","I first bought one for my daughter, and I just had to get one for myself. I have an online shop so I am frequently using my devices to conduct business, or having zoom meetings, so I always need to stay connected. This charger pack does the job and more. It charges really fast and charges multiple devices before I need to charge the pack. Very happy that I got it.","5.0","March 9, 2024","Black","Verified Purchase","10.9226"
"Sharron","Works when neede","This little portable batter is the best. I liked it so much I bought 2! One for me and the other for my best friend. I first purchased it to bring with me while at a Beyonce concert. And of course the place was packed which meant everyone battery was getting drained plus taking photos and videos. Well once I used this item my cell phone went from 15% to full with in 20 mins. I Love it!!!","5.0","March 5, 2024","Black","Verified Purchase","10.45351851851852"
"Pakou Vue","Reasonable effective capacity vs claimed capacity","Purchased this power bank (INIU B1-B5 20000mAh) due to seeing YouTube review of several PBs where reviewer took apart several PBs and showed that the batteries used in the PBs were actually rated far below the claimed capacities. INIU was one of few brands whose battery (in this case 20000mAh) label actually matched the advertised capacity. IOW, some brands that advertised 20000mAh capacity actually had batteries in them that were listed at 10000mAh etc. I used an old iPhone 7plus (with a 2900mAh battery) to charge from 50% back to 100% (or 1450mAh). The INIU B1-B5 went from 100% down to 86% (test was done three times with same results). Due to voltage conversion from the 3.7v battery to 5v USB output, the effective total capacity of the PB should be around (3.7/5)*20000 or 14800mAh. Since 14% of the PB was used, this amounts to 2072mAh. Since 2072 mAh of output from the PB was used to effectively charge 1450mAh of the phone battery, this amounts to a 70% charging efficiency. This means that I would get around 3.57 charges of my old iPhone 7plus out of this 20000mAh battery power bank. IIRC, I read somewhere that the expected efficiency of power banks should average around 80-85% due to conversion losses. At 70% loss, this power bank does not seem to be every efficient (although in my test, this may be due in part to the fact that the phone used is an old one). The positives: This power bank did charge my phone from 50% to 100 % in 1hr 57min which is pretty good given the iPhone 7plus is not fast charge (PD) capable. In my short time with the INIU, it seems to hold a charge well, did not heat up and did not heat up the phone while charging. It was also consistent in the charge times. The neutrals: While the thickness and weight of the unit does not lend itself to carry in a pocket while charging your phone (see specs on Amazon page), it is compact enough to easily carry in your carry on luggage as at a rated 74Wh it is well below the 100Wh limit imposed by the FAA and airlines. While it did underperform regarding capacity vs what it is advertised to be able to do, it was not as bad as some of the other power banks I tested, and came the closest to the advertised capacity as compared to some of the others I tested. The negatives: All power banks seem to use misleading specs in their advertising. Just because the power bank has a ‚Äú20000mah‚Äù battery, does not mean that it will charge a device with, say a 4000mAh battery 5 times. Far from this due to various conversion losses etc. Also, I assume that these conversion losses can vary quite a bit between various power banks. While this power bank seems to not be very efficient, it met my needs (especially for the price). Unknowns: I have only just gotten this power bank and have only used it 4 times to charge my phone from 50% back to 100%. I anticipate using it primarily for travel. I have read reviews warning of battery pack swelling and failure etc over time. I have not had any problems with it so far but have used it for less than one week. So time will tell. In the meantime, my spouse also bought one as well so we will see.","4.0","October 18, 2023","Black","Verified Purchase","8.420423892100192"
"GG","What a Gem In a Hurricane or Stuck in an Airport!","LOVE this charger. I have never used a portable power pack before, but bought this one as a hurricane was approaching three years ago. I guess I got lucky because this one has been a gem. If you know electronics, you can skip this, but if you are like me and figure things out as you go, here is what you need to know. You attach this with a cord to a wall outlet to charge it. You could use the included cord, although it is very short. Put the USB-C (smaller) end into the in/out port (hole), and then plug the larger end (called USB-A) into the square'ish block that is on the end of your telephone charging cord. Then plug that into the wall and this will power up your INIU portable charger. The little blue paw print will come on and you can watch it charge, from one light to five (fully charged). Mine never takes very long to charge, but it's never really drained. (I hear you should use most of the charge before recharging to maintain life of the charger, but I cannot control when a hurricane is coming, and that's usually when I charge it.) When you need to power your device, you will connect it to the charged INIU power pack. You will now use any of the OUT ports (holes) in on the INIU to connect the charger to your device. You might have to use the cord that comes with your phone to do this if your phone does not use a USB C plug. Simply detach that cord from the square box that you plug into the wall and put that end (USB A) into OUT 1 or OUT 2, and the other end into your phone. Your phone should now be charging from the power pack. The blue ""Paw"" lights will indicate that the power pack is in use and how much charge is left in it. If I have confused you, I promise it will make more sense to you when you actually do it. Remember the IN port is for electricity to come INto the INIU to charge the INIU. The OUT ports are for the INIU to send OUT power to your device. Be sure to do this BEFORE you desperately need it. I have dropped this multiple times, including on my garage floor, without damage. It is the size of my smart phone, but a tad thicker. It charges my phone fully twice before I need to charge the INIU power pack again. I assume you can also charge this in the USB port in your car, although anything I ever plug in there seems to take a long time to charge, so on the way to the airport might be a little late. This has saved me in power outages, but also in other circumstances. I was stuck in the Instanbul Airport with a massive amount of people and not a plug to be found. I was able to charge my USB powered sonic electric toothbrush with this when I forgot to charge the toothbrush at home. I gave one to my handicapped mother for her Kindle, in case she ran out of battery and did not want to fight getting up to plug the Kindle in. If all else fails, if you go to the ratings/comments/questions section for this item, you will find a user guide and manual hidden there. But since I did not understand the in/out and different kinds of USB plugs, I was lost for a while.","5.0","August 26, 2023","Black","Verified Purchase","9.423871951219512"
"Jen Venegas","It‚Äôs the paw print indicator for me.","I didn‚Äôt know I needed a power bank with a paw print indicator light until I saw this one. I feel like people of all genders can find joy from that paw print. But ok - the power bank is also great quality. It‚Äôs lightweight but large and sturdy enough not to get lost in a bag or banged up easily if you drop it. It also charges my iPhone pretty quickly and holds multiple full charges, all while looking really cute. üêæ","5.0","February 24, 2024","Black","Verified Purchase","10.179848484848485"
"Peter Lee","Liked it so much I bought it thrice","I use a back pack on a regular basis to transport my work electronic devices, chargers and office whatnot. On a brief working vacation I took the backpack with me. When I bought the backpack it came with a pocket for a battery bank and a pass through USB-C cord. I bought this, charged it and summarily forgot its existence in my bag for several months. My room at the hotel had poor cellular service, probably because I was on a lower floor. When that happens the phone works harder to maintain service. I forgot to plug my phone in overnight and by morning I was down to 26% power. This is what the little battery backup was made for. After only thirty minutes of charging, my phone was above 70% in power which was sufficient to get me through the next day. I didn't even bother to charge it the full amount. This tiny battery backup saved the day and never asked for a reward! Therefore, this Christmas, I am getting one for my wife as well. She can tuck it in her purse and forget about it until the day she needs it. Update: On a recent trip I left this indispensable gem on a train. Bonus to whomever received it. Still, that train ride to S. Florida only solidified the need for this device. My cheap seat had no charging capability. A more expensive seat would have cost more than this power bank. On that trip I charged my iPad (which was the entertainment for the trip) and my phone which was keeping track of my GPS location for three hours. Now I am purchasing this item for the third time. Not because it broke, but because it works so well.","5.0","December 1, 2023","Black","Verified Purchase","9.744408602150537"
"Lorelei Ana","Works great!","This product is very thin, but a smidge heavy. It‚Äôs about the size of the new iPhone 15 pro max if that helps any. I was able to charge two items, my iPhone and my child‚Äôs tablet, all on one charge with the power bank. I love that it came with the cord and a bag to put it in. Would definitely recommend for trips or just day to day life.","5.0","February 26, 2024","Black","Verified Purchase","10.405"
"Pattie Tatum","Slim battery charger","I really like this battery charger for my phone . It comes with a cute little case to keep it in . It charges fast . I highly recommend this for charging your phone . I purchased 2 and have one to a friend . Everyone needs one in case you lose power . I love mine !","5.0","March 6, 2024","Blue","Verified Purchase","11.2"
"Toria","Best power bank.","This was small enough for me to carry around a major city while traveling in a small bag. Since I had to use gps on my phone a lot, it kept my phone charged through out the day. I never had to worry about the charge running out on my phone.","5.0","March 2, 2024","Black","Verified Purchase","10.347833333333332"
"Julie Donald","Love it","I took it with me to a doctors appointment. I was so happy I had the power bank. It changed my phone and kept it going until I got home. It charged my ear buds too. It's so cute how it charges up with the paw print lighting up.","5.0","March 6, 2024","Black","Verified Purchase","9.894333333333334"
"Melissa McDaniel","Old reliable!","I have another one that I've had for 3 years and needed a second. Well, technically I didn't NEED a second one but one of the ports stopped working and I wanted to ensure I had a fully functioning one for a 6 month work trip. Lots of newer luggage these days comes with a place to connect a power bank so my plan is to dedicate the older one for my carry-on since the second port would be inaccessible anyway. Love the cute paw!","5.0","February 16, 2024","Black","Verified Purchase","10.136923076923077"
"D","It a warm product.","I use this product in an office that runs the air conditioner all year. I live in Kansas where it gets cold in the winter. I use it in a heated vest So I am very thrilled with this product for keeping me warm. I like the fact this battery is light weight and lasts for most of the 8 hours at work. I run my heated vest on high most of the day. The battery I got with the vest is heavier than this one, so I use it as a back up battery to this battery. I bought my dad one for his heated vest and he loves it as well. I recommend this battery","5.0","January 29, 2024","Black","Verified Purchase","10.742903225806453"
"Toni Q","Love these chargers","They charge devices quickly. They do require a bit of time to recharge but it's not that bad. I'm on my 4th one. My wife took my first 2 and I have lost one. But I gladly replaced it with a new one. If I had a feature to add it would be a digital display showing percent of charge instead of the paws symbols. It does not help gauge properly how much charge is left.","5.0","February 25, 2024","Black","Verified Purchase","9.604772727272726"
"That one yeen boi","It‚Äôs good.","It‚Äôs pretty good quality for the price and I couldn‚Äôt expect more from something as small as it is. Though it‚Äôs small and compact it has its obvious flaws that make this review a 4/5. These flaws include a lower battery life than most others for about the same price. Although it has its advantages its durability is decent for its price and the compact nature of the design makes it a perfect emergency travel tool. My advice is if you are looking for a good travel power bank and only use it for emergency charging I definitely wouldn‚Äôt recommend it enough. Though if you‚Äôre looking into a multi use power bank and want multiple charges I would pull some more money to buy a more expensive and convenient power bank to use.","4.0","February 6, 2024","Black","Verified Purchase","8.124814814814815"
"Cherie Alton","It's my go to charger","I love it cause I can put it my purse to go on walk the dog with out worried about having a dead phone an have to rush home.or running around shopping.an relax cause my phone is my life line while I'm out I'm a older lady so if something would happen I have a charged phone.so yes I would suggest it .plus I like the puppy paw it keeps track .","5.0","February 20, 2024","Black","Verified Purchase","10.004827586206897"
"Suzanne Oneill","Great charger","I needed a new port charger for my iPhone. Took no time to charge the charger. I keep it with my phone in my hand bag. Anymore a phone is a necessity, you never know when an emergency will arise. And most important is to have it charged.","5.0","March 6, 2024","Black","Verified Purchase","10.746428571428572"
"Alisa","So far so good","Product arrived in 24 hours and is currently charging. It came with the charging cord and the storage bag as advertised. Will update my review if it doesn't work / works poorly after I've had time to use it. It's smaller than my Samsung Galaxy S22+.","5.0","March 4, 2024","Black","Verified Purchase","10.830384615384615"
"shawn wasilowski","Portable charger!!!","This portable charger is amazing! I can take it with it me and charge my phone. I use my phone a lot and this makes it so much easier to plug it in rather than find an outlet! Love it love it love it!!","5.0","March 1, 2024","Black","Verified Purchase","10.119545454545454"
"neworder","Portable and easy to carry","One of the best I have used. It reliable so far. Hope it lasts. I had one previously the plug in charging socket broken. Hadn't been used for very long either. Very frustrating. I like the metal type of socket on my iPhone 13.","5.0","March 9, 2024","Black","Verified Purchase","10.860277777777778"
"Carrie Jane","Long lasting portable charger","This portable charger was wonderful on our trip. I charged it up after the trip, and a few months later, it was still fully charged when I pulled it out. Highly recommend. I like how the lights on it show the charge.","5.0","March 2, 2024","Black","Verified Purchase","10.126346153846153"
"Charlotte","Great Quality","Very high quality and it works great. She was skeptical about a portable charger after trying some in the past, but she loves it and doesn't ever use any other charger now. A gift she uses everyday and is really happy about.","5.0","February 25, 2024","Black","Verified Purchase","10.934791666666667"
"Liza G.","Brand new never used","I did buy this used however, I did not need to use it because I bought several batteries and I bought an Anker portable charger. I do know that this product is a good brand and would buy in the future but for right now I didn‚Äôt need it so I am returning it. It is brand new and could be listed as you because I never used it.","5.0","February 22, 2024","Black","Verified Purchase","10.0708"
"hollyberry","Love it","This is my first purchase of this type and I got a fabulous deal. I was traveling and in 3 airports over a 22 hour period most of the time there were people connected to charging stations everywhere. I was set. Love the paw print that indicates how much battery is left. I have taken it with me many places in it's mesh bag. What a deal!","5.0","February 18, 2024","Black","Verified Purchase","9.96125"
"Jean","Love this product","I bought this for travel to insure my electronics work. Now, I'm using it all the time at home. When I don't have time to charge my phone, I just throw this in my bag. It keeps me connected.","5.0","February 14, 2024","Black","Verified Purchase","10.325"
"Amazon Customer","Love this!","The best charger ever. Holds a charge for a long time, solid construction. Takes a while to charge itself up but can charge several items for a long time before draining. So glad I bought this and I would highly recommend it.","5.0","March 2, 2024","Black","Verified Purchase","10.143529411764705"
"Babyrae","Has a flashlight too","Love this thing! Charged my phone faster than my regular charger and you can press the power button twice for a flashlight when the power goes out. Great for a power outage or keep in your purse for emergency charge anywhere.","5.0","February 16, 2024","Black","Verified Purchase","9.727941176470589"
"T. Osborne","Fantastic for travel","Easy to understand how charged it is. Easy & light weight to slip in a pocket. After my battery got very low, we sat at a cafe in London and my phone charged quickly after a full day of tourist exploring.","5.0","March 2, 2024","Black","Verified Purchase","10.377395833333335"
"Alanna Keating","Compact. Great for travel. Even has flashlight.","I bought this power bank to attach to my laptop backpack, for traveling. It's compact, light, and it has a fun, easy to see power level display in the shape of a paw print. And a bonus! I have an old phone with an old battery that runs out in a few hours. Now I can tuck this power pack in my purse and put off buying a new phone.","5.0","February 9, 2024","Black","Verified Purchase","10.814047619047619"
"Ms Shay","Holds pleanty of charge","I only use it for y phone, but it seems to charge it better than the regular charger that came with the phone. I keep this charged, so when I do need it, it is ready, and I find it is good for extended periods. It can charge my phone 3 or times on a single charge of the portable. It was a great option for me and I would recommend it to anyone.","5.0","January 7, 2024","Black","Verified Purchase","9.960263157894737"
"Carrie Jane","Long lasting portable charger","This portable charger was wonderful on our trip. I charged it up after the trip, and a few months later, it was still fully charged when I pulled it out. Highly recommend. I like how the lights on it show the charge.","5.0","March 2, 2024","Black","Verified Purchase","10.126346153846153"
"Charlotte","Great Quality","Very high quality and it works great. She was skeptical about a portable charger after trying some in the past, but she loves it and doesn't ever use any other charger now. A gift she uses everyday and is really happy about.","5.0","February 25, 2024","Black","Verified Purchase","10.934791666666667"
"Liza G.","Brand new never used","I did buy this used however, I did not need to use it because I bought several batteries and I bought an Anker portable charger. I do know that this product is a good brand and would buy in the future but for right now I didn‚Äôt need it so I am returning it. It is brand new and could be listed as you because I never used it.","5.0","February 22, 2024","Black","Verified Purchase","10.0708"
"hollyberry","Love it","This is my first purchase of this type and I got a fabulous deal. I was traveling and in 3 airports over a 22 hour period most of the time there were people connected to charging stations everywhere. I was set. Love the paw print that indicates how much battery is left. I have taken it with me many places in it's mesh bag. What a deal!","5.0","February 18, 2024","Black","Verified Purchase","9.96125"
"Jean","Love this product","I bought this for travel to insure my electronics work. Now, I'm using it all the time at home. When I don't have time to charge my phone, I just throw this in my bag. It keeps me connected.","5.0","February 14, 2024","Black","Verified Purchase","10.325"
"Amazon Customer","Love this!","The best charger ever. Holds a charge for a long time, solid construction. Takes a while to charge itself up but can charge several items for a long time before draining. So glad I bought this and I would highly recommend it.","5.0","March 2, 2024","Black","Verified Purchase","10.143529411764705"
"Babyrae","Has a flashlight too","Love this thing! Charged my phone faster than my regular charger and you can press the power button twice for a flashlight when the power goes out. Great for a power outage or keep in your purse for emergency charge anywhere.","5.0","February 16, 2024","Black","Verified Purchase","9.727941176470589"
"T. Osborne","Fantastic for travel","Easy to understand how charged it is. Easy & light weight to slip in a pocket. After my battery got very low, we sat at a cafe in London and my phone charged quickly after a full day of tourist exploring.","5.0","March 2, 2024","Black","Verified Purchase","10.377395833333335"
"Alanna Keating","Compact. Great for travel. Even has flashlight.","I bought this power bank to attach to my laptop backpack, for traveling. It's compact, light, and it has a fun, easy to see power level display in the shape of a paw print. And a bonus! I have an old phone with an old battery that runs out in a few hours. Now I can tuck this power pack in my purse and put off buying a new phone.","5.0","February 9, 2024","Black","Verified Purchase","10.814047619047619"
"Ms Shay","Holds pleanty of charge","I only use it for y phone, but it seems to charge it better than the regular charger that came with the phone. I keep this charged, so when I do need it, it is ready, and I find it is good for extended periods. It can charge my phone 3 or times on a single charge of the portable. It was a great option for me and I would recommend it to anyone.","5.0","January 7, 2024","Black","Verified Purchase","9.960263157894737"
"Zenith","AMAZING FOR THE PRICE","Honestly the best fast charger I have ever gotten and it supports fast charging really well, will often last me 2-3 days on one charge and all I have to do to charge it is leave it plugged in overnight. It is really useful on vacations or for college when no chargers are nearby or even just some long drives. I highly suggest this for anyone who needs a portable charger.","5.0","January 9, 2024","Black","Verified Purchase","10.711666666666666"
"Nicole Martin","Best I've ever owned!","I've gone through quite a few power banks. Other brands seem to always have a short life. This one has lasted the longest, a couple years now. I lost my previous one and I knew I would definitely be purchasing this one again. Got the new one in the mail and hoping it lasts forever.","5.0","January 18, 2024","Black","Verified Purchase","10.341666666666665"
"LaShae Reece","Charges quickly","When I received this, it was at roughly 80% charged. I plugged my phone into it and charged it from roughly 68% to 95%. It took maybe 30 minutes if that. When finished it was at roughly 20% charged. I have it on the charger right now, so we‚Äôll see how it goes!","4.0","March 8, 2024","Black","Verified Purchase","7.576666666666666"
"LYDIA Greear","Jungle proof","I recently took a camping trip I to the Vista Rocan jungle. This battery pack was awesome. I used a solar generator to recharge every couple of days. I could charge my Apple Watch and my phone twice.","5.0","February 29, 2024","Black","Verified Purchase","10.015833333333333"
"Bumbum","Love it.","Quite handy and pretty. I like the bag, so will not be looking all over my bag for power bank and cable. It has two USB and one type C ports you can charge multiple devices at ones. Long battery life. I like the velvet texture feel to it. Did I mention it looks pretty.","5.0","January 18, 2024","Black","Verified Purchase","10.055"
"Christine L","Great power!","I am upgrading from a lower capacity charger so this thing is amazing. It takes a bit to charge but I never had to charge it again on a cruise I took. I love the flashing paw print while it‚Äôs charging as it lets you know how far along in the charging process it is. I like that I can charge both my phone and my Apple Watch at the same time. This was a fabulous buy and I‚Äôm extremely happy with it!","5.0","February 4, 2024","Black","Verified Purchase","10.734814814814815"
"Jen Baker","So cute!!!","Charged pretty quickly - just received for a trip in a few months; it fits perfectly into the laptop bag/travel tote that I also got (has a power port attached), & I cannot wait to start using it!","5.0","February 11, 2024","Orange","Verified Purchase","10.097666666666667"
"Margie","Buy it now!","I have used several portable chargers as I travel often and need to recharge my phone, iPad and AirPods. This charger recharged my items so quickly and barely used its own battery! It was at such a great price point and looked just like the photos! I‚Äôve recommended this to my friends and family!","5.0","February 7, 2024","Black","Verified Purchase","10.132105263157895"
"JV3499","Love the paw print","This battery pack was super easy to change. It‚Äôs indicator lights are the paw print. The more of it that lights the greater the charge. While plugging in the soft blue light is enough to serve as a night light which is cool. It is also a flashlight. Small but effective.","5.0","January 20, 2024","Black","Verified Purchase","10.15264705882353"
"TravelAP","Worked great","Did the job and the battery lasted longer than I thought it would. This saved us when our luggage was lost and the adapter was in our luggage. Without this getting around would have been very difficult","5.0","January 28, 2024","Black","Verified Purchase","10.536969696969697"
"mimi","Its very cute the color but doesn't last the charger","No practical first because theres some like my old one you open the usb to both side and you can charge very easy . this one after you charge maybe 2 hours more . for me doent work the only thing I give 1 start for the color but its also to heavy","1.0","March 9, 2024","Red","Verified Purchase","2.588947368421053"
"Angel S.","Don‚Äôt buy","I bought this less than two months ago and already it‚Äôs broken and won‚Äôt hold a charge. At first I thought it was my charger that was broken, but then I got a new charger and this portable battery still won‚Äôt charge. Not worth it. You get what you pay for","1.0","March 9, 2024","Black","Verified Purchase","2.0140000000000002"
"Moe","Lasted only 3 months","Battery pack only lasted 3 months before it decided to not charge up anymore. Performed all necessary troubleshooting steps and nothing worked. Reached out to the manufacturer and they did nothing to help me. Would not recommend this product.","1.0","March 9, 2024","Black","Verified Purchase","2.0758333333333336"
"CyberSenseiü•ã","A Charged Disappointment: Reevaluating the INIU Portable Charger","Embarking on a journey to find the perfect portable charging companion led me to the INIU Portable Charger, a promising device boasting a 10000mAh capacity coupled with USB-C in & out technology for high-speed charging. Designed to be the power lifeline for a range of devices from the iPhone 15 to the Samsung S22, its sleek form and robust specs appeared tailor-made for the demands of a modern, mobile lifestyle. However, as the glossy sheen of initial impressions faded, the reality of daily use painted a starkly different picture. The integration of the INIU Portable Charger into my tech routine revealed several significant flaws, starkly contrasting with the high expectations set by its advertised capabilities. This stark discrepancy prompted a thorough reassessment of its effectiveness and utility in my digital ecosystem. Pros: üåê Versatile Compatibility: Initially, the charger‚Äôs compatibility was its most appealing feature, promising seamless integration with a wide array of devices. This universal compatibility was a beacon of convenience, envisaged to simplify the charging needs of my tech-laden life. Envisioning a world where a single charger could meet all my devices' energy needs, the INIU Portable Charger seemed like a dream accessory, eliminating the need for multiple chargers and simplifying my tech setup. Cons: Questionable Capacity: Despite its promising 10000mAh capacity, the charger's actual performance was underwhelming. It consistently struggled to fully recharge my devices, often depleting its stored power after a single use. This glaring discrepancy between advertised and real-world capacity became a source of frustration, leaving me in need of additional charging solutions far sooner than expected. The reliability I sought in a portable charger was compromised, as the INIU Portable Charger failed to deliver the endurance and dependability it promised, making it difficult to trust as a primary power source for important devices. Pros: üíº Sleek Design: The design of the INIU Portable Charger was undoubtedly its strong suit. Its slim, lightweight profile made it an attractive and practical choice for inclusion in daily carry, promising not to add unnecessary bulk. The aesthetic appeal of the charger, with its modern lines and minimalistic style, was designed to complement the array of devices it was intended to support, suggesting that functionality and form had been considered in equal measure. This thoughtful design was a reminder that portable power could indeed be both effective and elegant, fitting seamlessly into both professional and casual contexts. Cons: üîÑ USB-C Limitations: The inclusion of USB-C technology in the charger was a key selling point, suggesting a step forward in charging efficiency and speed. However, the reality was a letdown. The USB-C port's performance fell short of current standards, with charging and data transfer speeds lagging behind those of other devices in my tech arsenal. This underperformance was particularly noticeable during critical moments when fast charging was not just preferred but necessary. The slow recharge rate via USB-C, a standard I had come to rely on for its rapid power delivery, meant that the charger was often bypassed in favor of more reliable alternatives, undermining its position as a go-to charging solution. Reflecting on the experience with the INIU Portable Charger, it's evident that while it promised to be an all-encompassing power solution, the reality was a blend of style over substance. The sleek design and broad device compatibility initially suggested a future where charging concerns were alleviated. Yet, the shortcomings in capacity and the underwhelming USB-C performance highlighted significant gaps between its potential and actual utility. This journey from anticipation to disappointment underscores the critical need for portable chargers to not only meet but exceed the demands of the modern digital landscape. As I continue the search for a truly reliable portable charger, the lessons learned from the INIU Portable Charger experience remain front and center. The quest for a device that seamlessly marries form with function, offering dependable, high-speed charging without compromise, goes on. Here's to hoping the next charger not only matches but surpasses expectations, keeping our devices‚Äîand by extension, our lives‚Äîpowered and uninterrupted.","1.0","March 8, 2024","Black","Verified Purchase","1.875024154589372"
"J. Davis","Worked great, until it didn‚Äôt.","I bought this product in May 2023. I have used it, maybe 10 times total. Here we are 10 months later and it won‚Äôt hold a charge. I left it plugged up for hours and hours and no charge at all.","3.0","March 7, 2024","Black","Verified Purchase","6.122"
"WII","Doesn‚Äôt fully charge","On overnight only 80% charge","2.0","March 6, 2024","Black","Verified Purchase","3.68"
"Amazon Customer","Battery Life","We were disappointed in the performance of this product. The only charging light you can see is the dog paw. It also quit charging 5 days into our trip.","1.0","March 6, 2024","Black","Verified Purchase","2.228125"
"Regina","Doesn‚Äôt hold charge","I charged up fully a couple days before a trip. When I tried to use on trip, it was no longer charged. My return window was closed by that time. Not satisfied especially since you have to carry a charging cable also.","2.0","March 6, 2024","Black","Verified Purchase","3.8891666666666667"
"S. Marolo","Garbage. Barely 4 months and dead!","Video Player is loading. Play Video Play Mute Current Time 0:00 / Duration 0:03 Loaded: 100.00% 0:00 Stream Type LIVE Seek to live, currently behind liveLIVE Remaining Time -0:03 1x Playback Rate Chapters Chapters Descriptions descriptions off, selected Captions Captions off, selected English (Automated) Audio Track default, selected Fullscreen This is a modal window. Light usage. Charged a phone from 75% to 100% and now it won‚Äôt accept a charge. Used multiple cables. Don‚Äôt waste your money.","1.0","March 5, 2024","Black","Verified Purchase","1.9679310344827585"
"Jacky R.","Charger","It charges your phone fast but the battery doesn't last on the charger, 3 hours use and it was almost without battery. It's just good if you only used a couple hours. We only need it when traveling.","3.0","March 5, 2024","Black","Verified Purchase","6.077692307692308"
"L. G in CA","Powerful","It has been a few years since I purchased a charger like this. I was surprised at the weight and power. The dog paw print lights up to show how much battery is left. A nice touch. Bought as a gift for my mom and got one for myself too.","5.0","January 20, 2024","Black","Verified Purchase","9.660294117647059"
"Natty","Perfect","Honestly stays charged for a while and you can get quite a few charges out of it. I have had this charger for over a month and keep it in my purse for emergency charges and it had been perfect! Also super cute to have the paw tell you how charged it is !","5.0","February 29, 2024","Black","Verified Purchase","9.9396875"
"kim giesbrecht","Ease of use and warranty","We purchased 2 in Sept 23 for 2 cruises. Both worked perfectly, however 1 stopped charging in Feb 24. I contacted INIU regarding troubleshooting. Walked through different possibilities via email on a Sunday. Did not work. Replacement device in my hand Wednesday 3 days later. Very responsive! I‚Äôm a customer for life.","5.0","February 27, 2024","Black","Verified Purchase","10.109166666666667"
"Jody-Lynn Simonian","LOVE LOVE LOVE","I bought this charger for a trip I was taking. It is the best charger I have ever purchased!!! Small enough to fit in a cross body bag, a wristlet, even my back jeans pocket. The pouch it comes with is great! I like the added light on it also. What I love the most is I can charge my phone anywhere and still use my phone on the go. The charger is a little smaller than my phone. It did take a little figuring out how to use the cords. And I am still trying to figure out the on/off/flashlight buttons. So worth the purchase though. Highly recommend.","5.0","January 13, 2024","Black","Verified Purchase","10.072272727272727"
"üëëTigra360üëë","Power Bank","This works so well, quick charge, love the logo, came with a cute bag. Welcome guide, business card, and a usb adapter. It‚Äôs a lil heavy but it‚Äôs cool. I would fully recommend this product.","5.0","March 7, 2024","Black","Verified Purchase","10.485555555555555"
"Derek","Lasts a long time","I had this power bank for 2 years before it stopped working completely so that is a pretty long time considering I used it almost everyday. Its pretty durable because I dropped it a lot. I repurchased it because it was a good price, good charging life, and not bulky.","5.0","February 9, 2024","Black","Verified Purchase","10.593333333333334"
"Eleni","Perfect for emergencies and at events","Just got this in but was recommended to me by so many friends and family members. We attend lots of events where we take photos and videos at and this definitely comes in handy. It‚Äôs also very helpful when it comes to airports and protecting yourself when it comes to hacking. It did come with its own charging cord to charge it. We‚Äôve had family who use this when they are camping, hiking and much more. Definitely worth to have on hand, you never know when you may need it and not have an electric outlet. Would 100% recommend this to everyone, even strangers lol. It also can with a nice little drawstring protection bag which was definitely a plus!","5.0","January 24, 2024","Black","Verified Purchase","8.623783783783782"
"Pamela Busby","Really great travel compainion, small and lightweight. TSA approved in carry-ons.","I really like this charger. We encountered a power outage while on vacation and this had enough power to charge my phone a few times. It was great in the airport too! I will not use USB drived in the airport and liked that I did not need to see in the USB/Power station areas around everyone else!","5.0","February 15, 2024","Black","Verified Purchase","10.290833333333332"
"JD McD","Amazing battery charger","I don't know why they would add something like a flashlight to a USB battery bank, but I've surprisingly used it a couple of times to locate a flashlight as this would be on my nightstand and my flashlight would have rolled off under the bed somewhere. But for a battery bank, it works amazingly. It is able to quickly charge my phone a couple of times on a single charge. Have used it at Scout camp to charge several devices over the week, recharging it as needed from the car. It's getting a bit old now but it still does a great job.","5.0","February 3, 2024","Black","Verified Purchase","10.663064516129033"
"anton99","Great Charger for the Money","I like this charger a lot. It doesn't take a long time to charge it. It also quickly charges my iPhone when needed. I would say that it is good for charging my phone about 1.5x , which is what they've advertised. It is compact and easy to pack when traveling. I wish it had a bit more charging power, but I'm still happy with it overall.","5.0","February 14, 2024","Black","Verified Purchase","10.742708333333333"
"sheri59","So far so good","Just received this today. I will update at a later date. It came already charged to 3 ‚Äúpaws.‚Äù I plugged my iPhone 13 in at 44% about an hour ago. My phone is up to 72%. I haven‚Äôt been using much power though. Still, that‚Äôs a pretty quick charge. The power bank is relatively lightweight, lighter than an older one that I have that is smaller in dimensions. We‚Äôll see long term. I bought this because we‚Äôve planned a Disney trip in March and I want portable power to be able to take pictures and do FaceTime calls all day. I‚Äôll update my review after that trip.","5.0","January 19, 2024","Blue","Verified Purchase","10.857424242424242"
"Cynthia L","Fantastic charger!","Perfect to be in my wheeled carry on which has a usb plug inside so you can charge your device while waiting for your plane. You won‚Äôt have to use the questionable chargers in the airport.","5.0","March 7, 2024","Black","Verified Purchase","10.163333333333332"
"Dina A. Gross","GREAT!","I saw this on TikTok. It had a ton of great reviews. I trust Amazon. When I saw it, I bought it! So, glad I did! Was delivered in less than 24hrs! What a surprise! It came 50% charged. Easy set up. Comes with a mesh-like case . Thank you!","4.0","January 14, 2024","Black","Verified Purchase","8.245666666666667"
"Cujo Loomis","‚ù§Ô∏è‚ù§Ô∏è‚ù§Ô∏è‚ù§Ô∏èCannot recommend it enough‚ù§Ô∏è‚ù§Ô∏è‚ù§Ô∏è‚ù§Ô∏è","Other chargers would give me an estimated six to eight hours to charge my phone from 20%, meanwhile this charger has been a lifesaver, my phone can be at 3% and it will give me an estimated two to three hours to charge it to 100%, it works amazingly on my Samsung (specifically Galaxy a71) and yes, the c port works wonders, 10 out of 10 will definitely be buying again for my all my friends üòÅ","5.0","January 11, 2024","Black","Verified Purchase","10.083260869565217"
"Wendy B.","Right size right power","This is the second INIU portable charger that I have purchased. I recently had a 46 hour power outage during a heavy snow storm. I was able to keep my phone charged the whole time even though I used it heavily to stay online and keep updated. I decided I needed 2 in case we have another outage for a longer period of time. I always keep one in my purse. It's slim and doesn't take much space. The charging cord fits nicely in the mesh bag with the charger.","5.0","February 4, 2024","Black","Verified Purchase","10.4694375"
"Elva Garcia","The BEST portable charger i have purchased","I have had this charger for 3 years and it ist still holding up perfectly. It takes a while to charge (I usually charge it overnight), however it is worth it. I have charged my dying phone up to 2.5 times. It will also continue charging when the portable charger is between 1-5%. The only ""complaint"" I have about it is that it is a bit heavy, but i guess it comes with the power it holds.","5.0","January 10, 2024","Black","Verified Purchase","10.468095238095238"
"PT","A good balance between size, weight, and capacity","Enough capacity for a Galaxy S23 or iPhone 14pro. Not too heavy to hold with the phone in my hand for hours on end. Not too big to fit in my hand with the phone while taking pictures. Had it for about a year and been to two trips, so not sure about its long term reliability. Highly recommended.","5.0","February 4, 2024","Black","Verified Purchase","11.175380952380952"
"Sabina Suther","Sustains battery life","Out of all the other portable chargers I have tried, this one is definetly the best. It does NOT take long to fully charge, and the battery sustains the whole day! We plug in multiple devices at once to use it fully. 10/10 recommend for anyone traveling/ living life to the fullest","5.0","January 20, 2024","Black","Verified Purchase","10.349666666666668"
"Kris R","Hold a charge for an incredible length of time","I purchased this charger last June to keep my phone charged while videoing my son‚Äôs baseball games. Worked well. Why am I coming back here in January of ‚Äò24 to write this review? We recently lost power for 2 days due to heavy snow and cold. It was evening when it unexpectedly went out, so our phones weren‚Äôt close to fully charged. In fact, my son‚Äôs phone was at 9%. Not wanting to trudge out into a snow storm and severe cold, I teased that I‚Äôd grab this charger to try. I hadn‚Äôt touched it or charged it since the end of July, when his baseball season ended. I‚Äôd used it mind you, to record an entire game before packing it away. 5 months later, out of the closet, this battery pack was still over half charged!! It completely charged my teens phone, my phone (from 60%), and my iwatch! I was blown away. I would‚Äôve thought for sure the battery would‚Äôve been dead after sitting for 5 full months! It was a lifesaver in a pinch! Great quality!!","5.0","January 16, 2024","Black","Verified Purchase","10.319916666666666"
"Allison","Great for travel","I brought this for a domestic flight and put it in my purse, TSA had zero issue with it and the charge lasts a long time. I charged my iPhone fully with it on the plane, and the battery did not lose its charge after the trip. It came in handy during a power outage and it was able to charge my boyfriends phone, despite the battery pack not being charged for weeks","5.0","February 8, 2024","Black","Verified Purchase","10.523333333333333"
"Kindle Customer","Perfect","I needed a power source for my grandsons tablet. When it gets low, he has to string a cord so he can continue to play on it. This was the answer. I highly recommend it.","5.0","February 21, 2024","Black","Verified Purchase","9.977222222222222"
"Jason","My favorite power bank","I have a bunch of these and I always keep them charged. This is a light-weight and stylish unit that can recharge your phone several times. I haven't counted but I would guess about 3 times starting from zero. It might be more. I put it in a case with the charging cable (I bought a longer one than the one that comes from the unit) and a wall usb charger and take these with me on airline trips, road trips, any place where I know I'll be taking a bunch of photos and videos... It also comes with a little pouch which is quite nice. By the way, it's a smaller than my phone and thus fits in my pocket. I looked over all the similar Power Banks and for this price range (inexpensive), you get much more for your money than any others I saw. There are Power Banks that might charge a phone 5 times over, but they are bigger and bulkier and I'd just rather carry around 2 of these ones if I really had that much need.","5.0","January 21, 2024","Black","Verified Purchase","10.465416666666666"
"HunterBoozer","Perfect Slim Size Power Bank","I love the size (slightly shorter than my iPhone 12 Plus) and much thinner. I love that there is a flashlight o. It as well. It will be great when out hiking and the phone dies. Can charge the phone and see where I‚Äôm going. Love the paw print signal indicator on it as I‚Äôm usually walking my dog.","5.0","February 11, 2024","Black","Verified Purchase","10.590166666666667"
"Kraig Kaiser","Nice but lacks the rated power","I purchased two of these batteries. The size is very nice, the padded bag is nice too. It feels quality and should work great for the heated vest I purchased it to power. I did an ah test on one of the batteries, like I do for ALL lithium batteries. The test showed that these batteries DO NOT have the rated power in them. My test produced 6.07 ah of power. These are rated for 10,000 mah which is 10 ah's. These are really rated at 6,000 mah. The price is nice but it you want full power then I suggest going with a different brand. I may return these and get ones that hopefully test out to their rated power. This is something we consumers need to watch. We can be duped so easily when it comes to lithium batteries. I make sure all of my lithium batteries have their full capacity. These are the first batteries I've tested that do not meet the advertised rating.","4.0","December 29, 2023","Black","Verified Purchase","8.760170068027211"
"Ted Moyer","I love these! I have bought like 5 because the kids and my hubby steal them!","I do not know how I would live without these. I generally keep two with me at all times, as I never know when a kid or a friend will need one. I've reordered these several times, and I've had my first one for over a year and a half.","5.0","February 13, 2024","Black","Verified Purchase","9.955666666666666"
"NikkiFlash","Power Punch","This little guys packs a wallop. It‚Äôs small and sturdy (which helps if you drip things like I do). It recharges itself quickly and then is invaluable as I travel. I love how light weight it is. The little dog paws light up as it‚Äôs charging which is just a cute little added touch!","5.0","February 26, 2024","Black","Verified Purchase","9.737647058823528"
"Doug S.","Worked as advertised","On a trip to Las Vegas, used the unit to quickly charge 3 different phones. Still had power left over if we had needed it. Have two that are charged all the time.","5.0","February 20, 2024","Red","Verified Purchase","9.928076923076922"
"Random Review Guy","Great compact charger","Perfect size. Love the light. Double click to turn on or off. The paw print is a really neat feature to tell the power remaining or charge left. Look forward to testing this out.","5.0","February 24, 2024","Black","Verified Purchase","10.939666666666666"
"kelly","3rd purchase!","I bought one for myself and used for months, then bought my son one for Christmas. This past week I left mine with a friend at the hospital and bought another. It is that good!","5.0","February 22, 2024","Black","Verified Purchase","10.197692307692307"
"Tiffany","Bought a second one‚Ä¶","Bought a second one because it‚Äôs a popular product in my house. It works great, is nice and thin, and has a cute case to put it in when you‚Äôre not using it! Highly recommend!","5.0","March 5, 2024","Black","Verified Purchase","10.448846153846153"
